id,gold_label,agent_status,explanation
0,safe,safe,"The function checks the sender's balance before transferring tokens, ensuring that the sender has enough balance to cover the transfer. It also updates the balances consistently, preventing double-spending and maintaining the integrity of the token balances."
1,safe,safe,"The function checks the sender's balance before transferring the amount, ensuring that the sender has sufficient funds. It also updates the balances consistently, preventing double-spending and maintaining the integrity of the token balances."
2,unsafe,unsafe,"The function does not check if the sender has enough tokens to transfer before updating balances, which can lead to underflow and inconsistent token balances."
3,safe,safe,"The function checks the sender's balance before transferring tokens, ensuring that the sender has enough balance to cover the transfer amount. It also updates the balances consistently, preventing double-spending and maintaining the integrity of the token balances."
4,unsafe,unsafe,"The function does not check the sender's balance before transferring tokens, which can lead to underflows if the sender's balance is insufficient. Additionally, it lacks checks for overflows when updating balances, making it vulnerable to manipulation."
5,safe,unsafe,"The function checks that the sender's balance is greater than the value being transferred (`require(balances[msg.sender] > _value)`), but it does not account for the case where the balance is exactly equal to the value. This could lead to a situation where a user can transfer their entire balance without any checks preventing it, which is a common requirement in ERC20 transfers. Additionally, the function does not check for underflows or overflows, which could lead to inconsistent token balances."
6,safe,safe,"The function checks the sender's balance before transferring by using `require(balances[msg.sender] >= _value)`, ensuring that the transfer only occurs if the sender has sufficient funds. It also maintains consistent token balances by correctly updating the sender's and recipient's balances without allowing for double-spending or other bugs."
7,unsafe,unsafe,"The function does not check the sender's balance before transferring tokens. This means that if the sender's balance is less than the amount they are trying to transfer, it could lead to negative balances, allowing for potential double-spending or other inconsistencies in token balances."
8,safe,safe,"The function checks the sender's balance before transferring the tokens, ensuring that the sender has enough balance to cover the transfer. It also updates the balances consistently, preventing double-spending and maintaining the integrity of the token balances."
9,safe,unsafe,"The function checks if the sender's balance is sufficient before transferring, which is good. However, it incorrectly checks the recipient's balance with `require(_value <= balances[_to]);`, which is unnecessary and can lead to issues if the recipient's balance is not relevant to the transfer. This check does not prevent double-spending or ensure that the transfer is valid, making the function unsafe."
10,safe,safe,"The function checks the sender's balance before transferring by using a require statement, ensuring that the sender has enough balance to cover the transfer. It also updates the balances consistently, preventing double-spending and maintaining the integrity of the token balances."
11,safe,safe,"The function checks the sender's balance before transferring by using `require(balances[msg.sender] >= _value, ""Insufficient balance."");`, ensuring that the sender has enough tokens. It also checks that the recipient address is valid, preventing transfers to the zero address. The balance updates are consistent, preventing double-spending, as the sender's balance is decreased before the recipient's balance is increased."
12,unsafe,unsafe,"The function does not check the sender's balance before transferring the tokens. If the sender's balance is less than the amount they are trying to transfer, it will lead to an underflow or incorrect balance state, which violates the safety criteria."
13,unsafe,unsafe,"The function does not reduce the sender's balance after transferring the amount, which leads to an inconsistent state and allows for double-spending."
14,safe,safe,"The function checks the sender's balance before transferring by using `require(_value <= balances[msg.sender])`, ensuring that the sender has enough tokens to transfer. It also updates the balances consistently, preventing double-spending and maintaining the integrity of the token balances."
15,safe,unsafe,"The function is susceptible to re-entrancy attacks because it updates the balance after the external call to emit the Transfer event. This could allow an attacker to call the transfer function again before the balance is updated, leading to potential double-spending."
16,safe,safe,"The function checks the sender's balance before transferring the tokens, ensuring that the sender has enough balance to cover the transfer. It also verifies that the recipient address is valid and updates the balances consistently, preventing double-spending and maintaining the integrity of the token balances."
17,unsafe,unsafe,"The function does not check the sender's balance before transferring tokens, which can lead to negative balances and potential double-spending. This violates the requirement for a safe transfer function."
18,safe,safe,"The function checks the sender's balance before transferring by using `require(balances[msg.sender] >= _value)`, ensuring that the sender has enough tokens. It also checks for overflows with `require(balances[_to] + _value >= balances[_to])`, which helps maintain consistent token balances and prevents double-spending. The balance updates are done correctly, ensuring that the function adheres to the safety criteria."
19,unsafe,unsafe,"The function does not check the sender's balance before updating the balances, which could lead to a situation where the sender's balance is insufficient to cover the transfer. Additionally, the check for the sender's balance is not followed by a proper require statement that would prevent the transfer if the balance is insufficient. This could allow for double-spending or other inconsistencies in the token balances."
20,safe,safe,"The function checks the sender's balance before transferring tokens, ensuring that the sender has enough balance to cover the transfer. It also updates the balances consistently, preventing double-spending and maintaining the integrity of the token balances."
21,safe,safe,"The function checks the sender's balance before transferring the tokens, ensuring that the sender has enough balance to cover the transfer. It also updates the balances consistently, preventing double-spending and maintaining the integrity of the token balances."
22,unsafe,unsafe,"The function does not check the sender's balance before transferring the amount. This can lead to situations where a user attempts to transfer more tokens than they own, resulting in negative balances, which is not allowed in ERC20 standards."
23,unsafe,unsafe,"The balance check uses a strict greater-than operator (`>`) instead of a greater-than-or-equal-to operator (`>=`), which allows for the possibility of transferring the exact balance and resulting in an underflow. This makes the function unsafe as it does not properly validate the sender's balance before transferring tokens."
24,unsafe,unsafe,"The function does not check the sender's balance before transferring tokens, which can lead to negative balances and potential double-spending. This violates the requirement for a safe transfer function."
25,unsafe,unsafe,"The function does not check the sender's balance before transferring, which can lead to underflow if the sender's balance is insufficient. Additionally, there is no validation of the receiver's address, which could result in tokens being sent to the zero address or an invalid address. This violates the safety criteria."
26,safe,safe,"The function checks the sender's balance before transferring by using `require(balances[msg.sender] >= _value)`, ensuring that the sender has enough tokens. It also checks that the recipient address is valid, preventing transfers to the zero address. The balance updates are consistent, preventing double-spending, as the sender's balance is decreased before the recipient's balance is increased."
27,unsafe,unsafe,"The function does not check the sender's balance before transferring tokens, which can lead to underflow and allow for double-spending. Additionally, there are no checks for the validity of the recipient address or the value being transferred, further compromising the safety of the function."
28,safe,safe,"The function checks the sender's balance before transferring by using `require(_value <= balance[msg.sender])`, ensuring that the sender has enough tokens. It also maintains consistent token balances by correctly subtracting from the sender's balance and adding to the recipient's balance, preventing double-spending and other obvious bugs."
29,safe,unsafe,"The function has an incorrect balance check (`require(_value <= balances[msg.sender]);`) and uses the wrong variable when updating the recipient's balance (`balances[_to] = balances[_to] + _value;`), which can lead to inconsistencies and potential exploits."
30,safe,safe,"The function checks the sender's balance before transferring by using `require(_value <= balances[msg.sender])`, ensuring that the sender has enough tokens to transfer. It also updates the balances in a consistent manner, preventing double-spending and maintaining the integrity of the token balances."
31,safe,safe,"The function checks the sender's balance before transferring the tokens, ensuring that the sender has enough balance to cover the transfer. It also maintains consistent token balances by correctly updating the balances of both the sender and the recipient, preventing double-spending and other common bugs."
32,unsafe,unsafe,"The function does not check the sender's balance before transferring tokens, which means it can allow a transfer even if the sender does not have enough balance, leading to potential underflows or inconsistent token balances."
33,unsafe,unsafe,"The function uses a balance check with `>` instead of `>=`, which allows for a scenario where a user can attempt to transfer their entire balance and fail the check, leading to potential inconsistencies. This can result in a situation where the transfer is not properly validated, allowing for unintended behavior or exploits."
34,unsafe,unsafe,"The function does not check the sender's balance before transferring tokens, which can lead to negative balances and potential double-spending. This violates the requirement for a safe transfer function."
35,unsafe,unsafe,"The function does not check if the sender has enough balance before subtracting the value, which can lead to negative balances and inconsistent state."
36,safe,safe,"The function checks the sender's balance before transferring by using `require(_value <= balances[msg.sender])`, ensuring that the sender has enough tokens to transfer. It also updates the balances in a consistent manner, preventing double-spending and maintaining the integrity of the token balances."
37,unsafe,unsafe,"The function does not check the sender's balance before transferring tokens, which can lead to negative balances and potential double-spending. This violates the requirement for a safe transfer function."
38,safe,safe,"The function checks the sender's balance before transferring the tokens, ensuring that the sender has enough balance to complete the transaction. It also includes a check for overflow when adding to the recipient's balance, which helps maintain consistency in token balances and prevents double-spending."
39,safe,unsafe,"The function contains a balance check that uses the wrong variable in the require statement, which could allow a transfer to occur even if the sender does not have sufficient balance. This makes the balance check ineffective and can lead to inconsistent token balances, violating the safety criteria."
40,safe,safe,"The function checks the sender's balance before transferring tokens, ensuring that the sender has enough balance to cover the transfer. It also updates the balances consistently, preventing double-spending and maintaining the integrity of the token balances."
41,safe,safe,"The function checks the sender's balance before transferring the tokens, ensuring that the sender has enough balance (require(balances[msg.sender] >= _value)). It also checks that the recipient address is valid (require(_to != address(0)). The balance updates are consistent, preventing double-spending and maintaining correct token balances."
42,unsafe,unsafe,"The function does not check the sender's balance before transferring the tokens. If the sender's balance is less than the amount they are trying to transfer, it will lead to an underflow or incorrect balance state, allowing for potential double-spending or other inconsistencies."
43,unsafe,unsafe,"The function does not use a `require` statement for the balance check, which means it does not enforce the condition before transferring tokens. Additionally, the balance check (`if (balances[msg.sender] <= _value)`) allows for a scenario where a user can transfer more tokens than they have, leading to potential inconsistencies and double-spending."
44,unsafe,unsafe,"The function does not check the sender's balance before transferring tokens, which can lead to underflow if the sender's balance is less than the amount being transferred. This violates the requirement for a safe transfer function."
45,unsafe,unsafe,"The function is unsafe because it contains a critical bug where the sender's balance is incorrectly restored after the transfer, leading to a state inconsistency and allowing for potential double-spending."
46,safe,safe,"The function checks the sender's balance before transferring by using `require(_value <= balances[msg.sender])`, ensuring that the sender has enough balance. It also maintains consistent token balances by correctly updating the balances of both the sender and the recipient without allowing double-spending or other bugs."
47,unsafe,unsafe,"The function does not check if the sender has a sufficient balance before transferring tokens, which can lead to negative balances and potential double-spending. This violates the safety criteria for ERC20 transfer functions."
48,safe,safe,"The function checks the sender's balance before transferring by using `require(balances[msg.sender] >= _value, ""Insufficient balance."");`, ensuring that the sender has enough tokens. It also maintains consistent token balances by correctly subtracting from the sender and adding to the recipient, preventing double-spending and other obvious bugs."
49,unsafe,unsafe,"The function does not correctly update the balance of the recipient; it uses the wrong variable (`balances[_value]` instead of `balances[_to]`), which can lead to incorrect balance updates and potential double-spending. Additionally, while it checks the sender's balance, the incorrect balance update makes the function unsafe overall."
50,safe,safe,"The function checks the sender's balance before transferring by using a require statement, ensuring that the sender has enough balance to cover the transfer. It also updates the balances consistently, preventing double-spending and maintaining the integrity of the token balances."
51,safe,safe,"The function checks the sender's balance before transferring by using `require(balances[msg.sender] >= _value, ""Insufficient balance"")`, ensuring that the sender has enough tokens. It also checks that the recipient address is valid (`require(_to != address(0), ""Invalid address"")`). The balance updates are consistent, preventing double-spending and maintaining correct token balances."
52,unsafe,unsafe,"The function does not check the sender's balance before transferring the tokens. If the sender's balance is less than the amount they are trying to transfer, it can lead to negative balances, which is an obvious bug and violates the consistency of token balances."
53,unsafe,unsafe,"The function does not check if the recipient's balance (`_to`) will overflow after the transfer, which can lead to unintended consequences such as resetting the balance to zero. Additionally, while it checks the sender's balance before transferring, the lack of a check for the recipient's balance makes it unsafe."
54,unsafe,unsafe,"The function does not check the sender's balance before transferring tokens, which can lead to underflows or overflows since it does not use SafeMath for arithmetic operations. This can result in inconsistent token balances and potential double-spending."
55,unsafe,unsafe,"The function does not correctly check the sender's balance before transferring the amount, as it uses a greater-than condition (`>`) instead of a greater-than-or-equal-to condition (`>=`). Additionally, there is a state inconsistency issue due to the last line where the sender's balance is incorrectly incremented after the transfer, allowing for a potential double-spend."
56,safe,safe,"The function checks the sender's balance before transferring by using `require(_value <= balances[msg.sender])`, ensuring that the sender has enough tokens. It also maintains consistent token balances by correctly updating the balances of both the sender and the recipient, preventing double-spending or other bugs."
57,unsafe,unsafe,"The function does not check the sender's balance before transferring tokens, which can lead to negative balances and potential double-spending. This violates the requirement for a safe transfer function."
58,safe,safe,The function checks the sender's balance before transferring (require(balances[msg.sender] >= _value)) and ensures that the recipient's balance does not overflow (require(balances[_to] + _value >= balances[_to])). It maintains consistent token balances by correctly updating the balances without allowing double-spending or other obvious bugs.
59,safe,unsafe,"The function does not check if the sender's balance is greater than or equal to the value being transferred (it uses `>` instead of `>=`), which allows for a potential underflow if the sender's balance is exactly equal to the transfer amount. This can lead to inconsistent token balances and possible double-spending."
60,safe,safe,"The function checks the sender's balance before transferring by using `require(_value <= balances[msg.sender])`, ensuring that the sender has enough tokens. It also checks that the recipient address is not zero, preventing potential issues. The balance updates are consistent, preventing double-spending, as the sender's balance is decreased before the recipient's balance is increased."
61,safe,safe,"The function checks the sender's balance before transferring by using `require(_value <= balances[msg.sender])`, ensuring that the sender has enough tokens. It also checks that the recipient address is not zero, preventing potential issues. The balance updates are consistent, preventing double-spending, as the sender's balance is decreased before the recipient's balance is increased."
62,unsafe,unsafe,"The function does not check the sender's balance before transferring tokens, which can lead to situations where a user can attempt to transfer more tokens than they own, resulting in negative balances and inconsistent state."
63,unsafe,unsafe,"The function does not decrease the sender's balance after transferring tokens, which can lead to a double-spend scenario. The balance check is present, but the lack of a corresponding decrease in the sender's balance makes the function unsafe."
64,safe,safe,"The function checks the sender's balance before transferring the tokens, ensuring that the sender has enough balance to cover the transfer amount. It also updates the balances consistently, preventing double-spending and maintaining the integrity of the token balances."
65,unsafe,unsafe,"The function is unsafe because it contains a critical inconsistency: after deducting the amount from the sender's balance, it incorrectly restores the sender's balance by adding the value back. This creates a situation where the sender can effectively transfer tokens without actually losing any, leading to a double-spend scenario."
66,safe,safe,"The function checks the sender's balance before transferring the tokens, ensuring that the sender has enough balance to cover the transfer. It also updates the balances consistently, preventing double-spending and maintaining the integrity of the token balances."
67,unsafe,unsafe,"The function does not check the sender's balance before transferring the amount, which can lead to negative balances and potential double-spending. This violates the requirement for a safe transfer function."
68,safe,safe,"The function checks the sender's balance before transferring tokens, ensuring that the sender has enough tokens to complete the transfer. It also maintains consistent token balances by correctly updating the balances of both the sender and the recipient, preventing double-spending and other common bugs."
69,unsafe,unsafe,"The function uses `_from` instead of `msg.sender` when updating the sender's balance, which is incorrect and can lead to inconsistencies in token balances. Additionally, there is no check to ensure that the `_to` address is valid (not zero address), which could lead to loss of tokens."
70,safe,safe,"The function checks the sender's balance before transferring by using a require statement, ensuring that the sender has enough balance to cover the transfer. It also updates the balances consistently, preventing double-spending and maintaining the integrity of the token balances."
71,safe,safe,"The function checks the sender's balance before transferring by using `require(_value <= balances[msg.sender])`, ensuring that the sender has enough tokens. It also checks that the recipient address is not zero, preventing potential issues. The balance updates are consistent, preventing double-spending, as the sender's balance is decreased before the recipient's balance is increased."
72,unsafe,unsafe,"The function does not check the sender's balance before transferring tokens, which can lead to negative balances and potential double-spending. This violates the requirement for a safe transfer function."
73,safe,unsafe,"The balance check `require(_value <= balanceOf[msg.sender])` is incorrect because it does not account for the possibility of underflow or other issues that could arise if the balance is manipulated. Additionally, if the balance is not properly initialized or updated elsewhere, it could lead to inconsistencies, making the function unsafe."
74,unsafe,unsafe,"The function does not check the sender's balance before transferring tokens, which can lead to situations where a user can attempt to transfer more tokens than they actually have, resulting in negative balances and inconsistent state."
75,unsafe,unsafe,"The function does not check the sender's balance before transferring tokens, which can lead to underflow if the sender's balance is less than the amount being transferred. Additionally, there is no check to ensure that the transfer amount is valid (e.g., non-negative), and the lack of checks can allow for double-spending or other inconsistencies in token balances."
76,safe,safe,"The function checks the sender's balance before transferring by using `require(_value <= balances[msg.sender])`, ensuring that the sender has enough tokens to transfer. It also updates the balances consistently, preventing double-spending and maintaining the integrity of the token balances."
77,unsafe,unsafe,"The function does not check the sender's balance before transferring tokens, which can lead to situations where a user can attempt to transfer more tokens than they actually have, resulting in negative balances and potential inconsistencies."
78,safe,safe,"The function checks the sender's balance before transferring by using `require(balances[msg.sender] >= _value)`, ensuring that the sender has enough tokens. It also checks that the recipient address is valid, preventing transfers to the zero address. The balance updates are consistent, preventing double-spending, as the sender's balance is decreased before the recipient's balance is increased."
79,unsafe,unsafe,"The function does not reduce the sender's balance after transferring tokens, which allows for the creation of extra tokens and leads to an inconsistent state, violating the requirement for safe token transfers."
80,safe,safe,"The function checks the sender's balance before transferring by using a require statement, ensuring that the sender has enough balance to cover the transfer. It also updates the balances consistently, preventing double-spending and maintaining the integrity of the token balances."
81,safe,safe,"The function checks the sender's balance before transferring the tokens, ensuring that the sender has enough balance to cover the transfer. It also correctly updates the balances of both the sender and the recipient, preventing double-spending and maintaining consistency in token balances."
82,unsafe,unsafe,"The function does not check the sender's balance before transferring tokens, which could lead to negative balances and potential double-spending issues."
83,unsafe,unsafe,"The function does not correctly check the sender's balance before transferring tokens. It uses `require(balances[msg.sender] > _amount)`, which allows the sender to have exactly the amount they are trying to transfer, leading to a potential underflow when subtracting from their balance. The correct check should be `>=` to ensure the sender has enough tokens to cover the transfer. This makes the function unsafe as it can lead to inconsistent token balances and potential double-spending."
84,unsafe,unsafe,"The function does not check the sender's balance before transferring tokens, which can lead to negative balances and potential double-spending. This violates the requirement for a safe transfer function."
85,unsafe,unsafe,"The function contains a critical flaw where the sender's balance is incorrectly updated after the transfer. Specifically, the line `balances[msg.sender] += _amount;` is executed after the transfer, which effectively reverses the deduction made earlier, allowing for a double-spend scenario. Additionally, while there is a balance check before the transfer, the incorrect balance update makes the function unsafe."
86,safe,safe,"The function checks the sender's balance before transferring by using `require(_value <= balances[msg.sender])`, ensuring that the sender has enough tokens. It also updates the balances consistently, preventing double-spending and maintaining the integrity of the token balances."
87,unsafe,unsafe,"The function does not include a require statement to check the sender's balance before transferring the tokens, which can lead to underflow issues and allow for unauthorized transfers. This violates the safety criteria."
88,safe,safe,"The function checks the sender's balance before transferring by using `require(_value <= balances[msg.sender])`, ensuring that the sender has enough tokens. It also maintains consistent token balances by correctly subtracting from the sender and adding to the recipient, preventing double-spending and other bugs."
89,unsafe,unsafe,"The function uses an incorrect variable in the balance check (`require(balanceOf[_to] >= _value)`), which should instead check the sender's balance (`balanceOf[msg.sender]`). This allows for potential bypassing of the balance check, leading to unsafe transfers and inconsistent token balances."
90,safe,safe,"The function checks the sender's balance before transferring the tokens, ensuring that the sender has enough balance to cover the transfer. It also updates the balances consistently, preventing double-spending and maintaining the integrity of the token balances."
91,safe,safe,"The function checks the sender's balance before transferring by using `require(balances[msg.sender] >= _value)`, ensuring that the sender has enough tokens. It also updates the balances consistently, preventing double-spending and maintaining the integrity of the token balances."
92,unsafe,unsafe,"The function does not check the sender's balance before transferring tokens, which can lead to situations where a user can attempt to transfer more tokens than they actually have, resulting in negative balances and inconsistent state."
93,unsafe,unsafe,"The balance check `require(balances[msg.sender] > _value);` is incorrect because it allows the transfer to proceed if the sender's balance is exactly equal to the value being transferred, which can lead to an underflow when the balance is updated. The correct check should be `require(balances[msg.sender] >= _value);` to ensure that the sender has enough balance to cover the transfer. This flaw makes the function unsafe."
94,unsafe,unsafe,"The function does not check the sender's balance before transferring tokens, which can lead to negative balances and potential double-spending. This violates the requirement for a safe transfer function."
95,unsafe,unsafe,"The function does not perform any balance checks before transferring tokens, which can lead to negative balances and potential double-spending. Additionally, it lacks a require statement to ensure the sender has enough balance to cover the transfer amount."
96,safe,safe,"The function checks the sender's balance before transferring by using `require(_value <= balances[msg.sender])`, ensuring that the sender has enough tokens. It also checks that the recipient address is not zero, preventing potential issues. The balance updates are consistent, preventing double-spending, as the sender's balance is decreased before the recipient's balance is increased."
97,unsafe,unsafe,"The function does not check the sender's balance before transferring tokens, which can lead to underflow issues and allow for unauthorized transfers if the sender's balance is insufficient. This violates the requirement for a balance check before updating balances."
98,safe,safe,"The function checks the sender's balance before transferring by using `require(_value <= balances[msg.sender])`, ensuring that the sender has enough balance. It also maintains consistent token balances by deducting from the sender's balance and adding to the recipient's balance without any possibility of double-spending or bugs."
99,safe,unsafe,"The function has an incorrect balance check, as it checks the sender's balance against itself, which is not a valid condition. This can lead to unintended behavior and potential exploits, making the function unsafe. Additionally, it updates the balances before the check, which violates the requirement for maintaining consistent token balances."
100,safe,safe,"The function checks the sender's balance before transferring the tokens, ensuring that the sender has enough balance to cover the transfer. It also correctly updates the balances of both the sender and the recipient, maintaining consistency and preventing double-spending."
101,safe,safe,"The function checks the sender's balance before transferring by using `require(_value <= balances[msg.sender])`, ensuring that the sender has enough tokens. It also checks that the recipient address is not zero, preventing potential issues. The balance updates are consistent, preventing double-spending, as the sender's balance is decreased before the recipient's balance is increased."
102,unsafe,unsafe,"The function does not check the sender's balance before transferring the amount, which can lead to negative balances and potential double-spending. This violates the requirement for a safe transfer function."
103,unsafe,unsafe,"The balance check `require(balanceOf[msg.sender] > _value);` is incorrect because it allows the transfer to proceed if the sender's balance is exactly equal to the value being transferred, which can lead to a zero balance after the transfer. The correct check should be `require(balanceOf[msg.sender] >= _value);` to ensure that the sender has enough balance to cover the transfer. This flaw can lead to inconsistent token balances and potential double-spending issues."
104,unsafe,unsafe,"The function does not check the sender's balance before transferring tokens, which can lead to negative balances and potential double-spending. This violates the requirement for a safe transfer function."
105,unsafe,unsafe,"The function decreases the sender's balance before checking if the receiver's address is valid. This can lead to a situation where the sender's balance is reduced even if the transfer fails due to an invalid address, allowing for potential underflow and inconsistent token balances."
106,safe,safe,"The function checks the sender's balance before transferring by using `require(_value <= balances[msg.sender])`, ensuring that the sender has enough tokens to transfer. It also updates the balances in a consistent manner, preventing double-spending and maintaining the integrity of the token balances."
107,unsafe,unsafe,"The function does not check the sender's balance before transferring tokens, which can lead to underflow errors and allow for the possibility of transferring more tokens than the sender actually has. This violates the requirement for a safe transfer function."
108,safe,safe,"The function checks the sender's balance before transferring by using `require(_value <= balances[msg.sender])`, ensuring that the sender has enough tokens. It also maintains consistent token balances by correctly subtracting from the sender and adding to the recipient, preventing double-spending and other obvious bugs."
109,unsafe,unsafe,"The function does not correctly check the sender's balance before transferring, as it uses a comparison operator (`>`) instead of `>=`, which allows for a potential underflow if the sender's balance is exactly equal to the transfer amount. Additionally, the check is incorrect because it does not account for the case where the sender's balance is equal to the value being transferred, leading to an unsafe state."
110,safe,safe,"The function checks the sender's balance before transferring the amount, ensuring that the sender has enough tokens to complete the transaction. It also updates the balances consistently, preventing double-spending and maintaining the integrity of the token balances."
111,safe,safe,"The function checks the sender's balance before transferring the amount, ensuring that the sender has sufficient funds. It also updates the balances consistently, preventing double-spending and maintaining the integrity of the token balances."
112,unsafe,unsafe,"The function does not check the sender's balance before transferring tokens, which can lead to negative balances and potential double-spending. The absence of a require statement to ensure that the sender has enough balance makes this function unsafe."
113,unsafe,unsafe,"The function does not check if the sender has enough balance to transfer before updating the balances, which can lead to negative balances and potential double-spending."
114,unsafe,unsafe,"The function does not check the sender's balance before transferring the tokens, which can lead to underflow if the sender's balance is insufficient. Additionally, there is a potential for overflow when updating the recipient's balance, as there are no checks to ensure that the addition does not exceed the maximum value for uint256."
115,safe,safe,"The function checks the sender's balance before transferring by using `require(_value <= balances[msg.sender])`, ensuring that the sender has enough tokens to transfer. It also updates the balances consistently, preventing double-spending and maintaining the integrity of the token balances."
116,safe,safe,"The function checks the sender's balance before transferring the amount, ensuring that the transfer does not exceed the available balance. It also maintains consistent token balances by updating the sender's and recipient's balances correctly, preventing double-spending and other obvious bugs."
117,unsafe,unsafe,"The function does not check the sender's balance before transferring tokens. This can lead to situations where a user attempts to transfer more tokens than they own, resulting in negative balances, which is not allowed in ERC20 standards. Additionally, there is no require statement to enforce this check, making the function vulnerable to underflows and inconsistent token balances."
118,safe,safe,"The function checks the sender's balance before transferring by using a require statement, ensuring that the sender has enough balance to cover the transfer. It also correctly updates the balances of both the sender and the recipient, maintaining consistency and preventing double-spending."
119,unsafe,unsafe,"The function does not correctly check the sender's balance against the transfer amount (`_value`). Instead, it incorrectly checks if the sender's balance is greater than or equal to itself, which is always true. This allows for potential underflows and double-spending, making the function unsafe."
120,safe,safe,"The function checks the sender's balance before transferring by using a require statement, ensuring that the sender has enough balance to cover the transfer. It also updates the balances consistently, preventing double-spending and maintaining the integrity of the token balances."
121,safe,safe,"The function checks the sender's balance before transferring by using `require(balances[msg.sender] >= _value)`, ensuring that the sender has enough tokens. It also checks that the recipient address is not the zero address, preventing potential issues. The balance updates are consistent, preventing double-spending and maintaining correct token balances."
122,unsafe,unsafe,"The function does not check the sender's balance before transferring tokens, which can lead to negative balances and potential double-spending. This violates the safety criteria for ERC20 transfer functions."
123,safe,unsafe,"The balance check uses `>=` instead of `>`, which allows a sender to transfer their entire balance, resulting in a zero balance and potentially leading to issues with subsequent transfers. This violates the requirement for a correct balance check."
124,unsafe,unsafe,"The function does not check the sender's balance before transferring the tokens. If the sender's balance is less than the amount they are trying to transfer, it will result in an underflow when subtracting, leading to incorrect balance states and potential double-spending."
125,safe,unsafe,"The function does not check the balance of the recipient address (_to) before transferring tokens, which could lead to issues such as sending tokens to a non-existent address or a contract that does not handle tokens properly. This violates the requirement for keeping token balances consistent and can result in loss of tokens."
126,safe,safe,"The function checks the sender's balance before transferring the amount, ensuring that the sender has sufficient funds. It also updates the balances consistently, preventing double-spending and maintaining the integrity of the token balances."
127,unsafe,unsafe,"The function does not check the sender's balance before transferring tokens, which can lead to negative balances and potential double-spending. This violates the requirement for a safe transfer function."
128,safe,safe,"The function checks the sender's balance before transferring tokens, ensuring that the sender has enough balance to cover the transfer. It also maintains consistent token balances by correctly decreasing the sender's balance and increasing the recipient's balance without any possibility of double-spending or other bugs."
129,safe,unsafe,"The function uses the wrong variable in the balance check (`balances[msg.sender]` instead of `balanceOf[msg.sender]`), which means it does not correctly verify the sender's balance before transferring tokens. This can lead to situations where a user can transfer more tokens than they actually have, resulting in inconsistent token balances and potential double-spending."
130,safe,safe,"The function checks the sender's balance before transferring tokens, ensuring that the sender has enough balance to cover the transfer. It also updates the balances consistently, preventing double-spending and maintaining the integrity of the token balances."
131,safe,safe,"The function checks the sender's balance before transferring by using `require(balances[msg.sender] >= _value)`, ensuring that the sender has enough tokens to transfer. It also updates the balances in a consistent manner, preventing double-spending and maintaining the integrity of the token balances."
132,unsafe,unsafe,"The function does not check the sender's balance before transferring the tokens. If the sender's balance is less than the amount they are trying to transfer, it can lead to an underflow, resulting in incorrect balances and potential double-spending."
133,safe,unsafe,"The function does not prevent overflow on the recipient's balance when adding the transferred amount, which can lead to inconsistent token balances and potential exploits."
134,unsafe,unsafe,"The function does not check the sender's balance before transferring the tokens, which can lead to negative balances and potential double-spending. This violates the requirement for a safe transfer function."
135,safe,safe,"The function checks the sender's balance before transferring the tokens, ensuring that the sender has enough balance to cover the transfer. It also updates the balances consistently, preventing double-spending and maintaining the integrity of the token balances."
136,safe,safe,"The function checks the sender's balance before transferring the amount, ensuring that the sender has sufficient funds. It also updates the balances consistently, preventing double-spending and maintaining the integrity of the token balances."
137,unsafe,unsafe,"The function does not check the sender's balance before transferring tokens, which can lead to negative balances and potential double-spending. There is no require statement to ensure that the sender has enough tokens to complete the transfer."
138,safe,safe,"The function checks the sender's balance before transferring by ensuring that `_value` is less than or equal to `balances[msg.sender]`. It also prevents transfers to the zero address, maintains consistent token balances by correctly subtracting from the sender and adding to the recipient, and emits a transfer event."
139,unsafe,unsafe,"The function uses `require(balanceOf[msg.sender] > _value);` instead of `require(balanceOf[msg.sender] >= _value);`, which allows for a scenario where a user can attempt to transfer an amount equal to their balance, leading to an underflow when the balance is updated. This violates the requirement for a proper balance check and can result in inconsistent token balances."
140,safe,safe,"The function checks the sender's balance before transferring by using a require statement, ensuring that the sender has enough balance to cover the transfer. It also updates the balances consistently, preventing double-spending and maintaining the integrity of the token balances."
141,safe,safe,"The function checks the sender's balance before transferring the tokens, ensuring that the sender has enough balance to cover the transfer. It also correctly updates the balances of both the sender and the recipient, maintaining consistency and preventing double-spending."
142,unsafe,unsafe,"The function does not check the sender's balance before transferring tokens, which can lead to negative balances and potential double-spending. This violates the safety criteria for ERC20 transfer functions."
143,safe,unsafe,"The balance check `require(_value <= balances[msg.sender]);` is incorrect because it does not account for the possibility of the sender's balance being updated in a way that could allow for a transfer greater than their actual balance (e.g., if there are other functions that modify the balance). Additionally, there is no check to ensure that the `_to` address is valid (not zero address), which could lead to loss of tokens."
144,safe,safe,"The function checks the sender's balance before transferring by using `require(_value <= balances[msg.sender])`, ensuring that the sender has enough tokens to transfer. It also updates the balances consistently, preventing double-spending and maintaining the integrity of the token balances."
145,safe,safe,"The function checks the sender's balance before transferring by using `require(_value <= balances[msg.sender])`, ensuring that the sender has enough tokens to transfer. It also updates the balances consistently, preventing double-spending and maintaining the integrity of the token balances."
146,safe,safe,"The function checks the sender's balance before transferring by using `require(_amount <= balances[msg.sender])`, ensuring that the transfer does not exceed the available balance. It also updates the balances in a consistent manner, preventing double-spending and maintaining the integrity of the token balances."
147,unsafe,unsafe,"The function does not check the sender's balance before transferring tokens, which can lead to underflow if the sender's balance is insufficient. This violates the requirement for a balance check, making the function unsafe."
148,safe,safe,"The function checks the sender's balance before transferring tokens, ensuring that the sender has enough tokens to complete the transfer. It also updates the balances consistently, preventing double-spending and maintaining the integrity of the token balances."
149,unsafe,unsafe,"The function contains a bug where it uses `_tokens` instead of `_value` when updating the recipient's balance, which can lead to incorrect balance updates and potential inconsistencies. Additionally, while it does check the sender's balance before transferring, the incorrect variable usage makes the function unsafe overall."
150,safe,safe,"The function checks the sender's balance before transferring by using `require(balances[msg.sender] >= _value)`, ensuring that the sender has enough tokens to transfer. It also updates the balances in a consistent manner, preventing double-spending and maintaining the integrity of the token balances."
151,safe,safe,"The function checks the sender's balance before transferring by using `require(balances[msg.sender] >= _value)`, ensuring that the sender has enough tokens to transfer. It also updates the balances in a consistent manner, preventing double-spending and maintaining the integrity of the token balances."
152,unsafe,unsafe,"The function does not check the sender's balance before transferring tokens, which can lead to negative balances and potential double-spending. This violates the safety criteria for ERC20 transfer functions."
153,safe,unsafe,"The function does not include a check to prevent overflow when updating the recipient's balance, which could lead to inconsistent token balances and potential exploits. Additionally, while it checks the sender's balance before transferring, the lack of a final balance check for the recipient makes it unsafe."
154,safe,unsafe,"The function is unsafe because it does not handle potential arithmetic overflow when subtracting from `balances[msg.sender]`. If `_value` is greater than `balances[msg.sender]`, it could lead to an incorrect balance due to underflow, allowing for double-spending. Although it checks the sender's balance before transferring, the lack of safe arithmetic operations makes it vulnerable."
155,unsafe,unsafe,"The function introduces a state inconsistency by adding back the value to the sender's balance after it has already been deducted, which can lead to double-spending and incorrect balance states."
156,safe,safe,"The function checks the sender's balance before transferring by using `require(_value <= balances[msg.sender])`, ensuring that the sender has enough tokens to transfer. It also updates the balances in a consistent manner, preventing double-spending and maintaining the integrity of the token balances."
157,unsafe,unsafe,"The function does not check the sender's balance before transferring tokens, which can lead to negative balances and potential double-spending. This violates the requirement for a safe transfer function."
158,safe,safe,"The function checks the sender's balance before transferring the tokens, ensuring that the sender has enough balance to cover the transfer. It also verifies that the recipient's address is valid (not the zero address). The balance updates are consistent, preventing double-spending and maintaining the integrity of the token balances."
159,safe,unsafe,"The function does not check the sender's balance before updating the balances. Specifically, it updates `ledger[_to]` before ensuring that `tokens[msg.sender]` is sufficient to cover the transfer, which could lead to inconsistencies and potential double-spending if the balance check fails after the update."
160,safe,safe,"The function checks the sender's balance before transferring the tokens, ensuring that the sender has enough balance to cover the transfer. It also verifies that the recipient address is valid (not the zero address) and updates the balances consistently, preventing double-spending and maintaining the integrity of the token balances."
161,safe,safe,"The function checks the sender's balance before transferring by using `require(_value <= balances[msg.sender])`, ensuring that the sender has enough tokens. It also checks that the recipient address is not zero, preventing potential issues. The balance updates are consistent, preventing double-spending, as the sender's balance is decreased before the recipient's balance is increased."
162,unsafe,unsafe,"The function does not check the sender's balance before transferring tokens, which can lead to underflow issues and allow for unauthorized transfers. This violates the requirement for a balance check, making the function unsafe."
163,unsafe,unsafe,"The function does not correctly check the sender's balance before transferring tokens. It uses `require(balances[msg.sender] > _value)` instead of `require(balances[msg.sender] >= _value)`, which allows for a scenario where a user can transfer exactly their entire balance, leading to potential underflow issues and inconsistent token balances."
164,safe,unsafe,"The function does not check for arithmetic overflow or underflow when updating balances, which can lead to incorrect balances if the subtraction or addition results in an invalid state. This lack of overflow checks makes the function unsafe, despite having the necessary balance checks."
165,unsafe,unsafe,"The function does not check the sender's balance before transferring tokens, which can lead to negative balances and potential double-spending. This violates the requirement for a safe transfer function."
166,safe,safe,"The function checks the sender's balance before transferring the amount, ensuring that the sender has sufficient funds. It also updates the balances consistently, preventing double-spending and maintaining the integrity of the token balances."
167,unsafe,unsafe,"The function does not check the sender's balance before transferring the tokens. If the sender's balance is less than the amount they are trying to transfer, it can lead to an underflow, resulting in incorrect balances and potential double-spending."
168,safe,safe,"The function checks the sender's balance before transferring the amount, ensuring that the sender has enough tokens (require(balances[msg.sender] >= _value)). It also checks for overflow conditions when adding to the recipient's balance (require(balances[_to] + _value >= balances[_to])). The balance updates are consistent, preventing double-spending and maintaining correct token balances."
169,safe,unsafe,"The function contains an incorrect variable in the balance check (`require(_value <= balances[msg.sender]);`), which could lead to incorrect behavior and allow transfers that should not be permitted. This violates the requirement for a proper balance check before updating balances, making the function unsafe."
170,safe,safe,"The function checks the sender's balance before transferring by using a require statement, ensuring that the sender has enough balance to cover the transfer. It also updates the balances consistently, preventing double-spending and maintaining the integrity of the token balances."
171,safe,safe,"The function checks the sender's balance before transferring by using `require(_value <= balances[msg.sender])`, ensuring that the sender has enough tokens. It also maintains consistent token balances by correctly updating the balances of both the sender and the recipient, preventing double-spending or other obvious bugs."
172,unsafe,unsafe,"The function does not check the sender's balance before transferring tokens, which can lead to situations where a user can attempt to transfer more tokens than they actually have, resulting in negative balances and inconsistent state."
173,safe,unsafe,"The function does not properly handle underflows, as it allows the sender's balance to be decremented without ensuring that it will not go negative. This can lead to inconsistent token balances and potential exploits."
174,unsafe,unsafe,"The function does not check the sender's balance before transferring tokens, which can lead to negative balances and potential double-spending. This violates the requirement for a safe transfer function."
175,safe,unsafe,"The function does not check the sender's balance before updating the balances, which can lead to a situation where the sender's balance becomes negative. Additionally, the check for a negative balance occurs after the balances have already been updated, which does not prevent the potential for double-spending or inconsistent state."
176,safe,safe,"The function checks the sender's balance before transferring by using `require(_value <= balances[msg.sender])`, ensuring that the sender has enough tokens to transfer. It also checks that the recipient address is not zero, preventing potential issues. The balance updates are consistent, as it correctly subtracts from the sender's balance and adds to the recipient's balance, preventing double-spending."
177,unsafe,unsafe,"The function does not check the sender's balance before transferring tokens, which can lead to negative balances and potential double-spending. This violates the requirement for a safe transfer function."
178,safe,safe,The function checks the sender's balance before transferring (require(balances[msg.sender] >= _value)) and ensures that the recipient's balance does not overflow (require(balances[_to] + _value >= balances[_to])). It maintains consistent token balances by correctly updating the balances without allowing double-spending or other obvious bugs.
179,safe,unsafe,"The function is unsafe because it does not check for the possibility of an overflow when updating the balances. If the balance of `_to` is already at its maximum value, adding `_value` could cause an overflow, leading to inconsistent token balances. Additionally, while it checks the sender's balance before transferring, the lack of a check to prevent overflow makes it unsafe."
180,safe,safe,"The function checks the sender's balance before transferring tokens, ensuring that the sender has enough balance to cover the transfer. It also updates the balances consistently, preventing double-spending and maintaining the integrity of the token balances."
181,safe,safe,"The function checks the sender's balance before transferring by using `require(_value <= balances[msg.sender])`, ensuring that the sender has enough tokens to transfer. It also updates the balances in a consistent manner, preventing double-spending and maintaining the integrity of the token balances."
182,unsafe,unsafe,"The function does not check the sender's balance before transferring tokens, which can lead to negative balances and potential double-spending. This violates the safety criteria for ERC20 transfer functions."
183,safe,unsafe,"The function does not check if the sender's balance is sufficient before transferring, as the balance check is incorrect. The condition `require(_value <= balances[msg.sender])` does not prevent underflow or allow for proper validation of the sender's balance, making it unsafe."
184,unsafe,unsafe,"The function does not check the sender's balance before transferring tokens, which can lead to negative balances and potential double-spending. This violates the requirement for a safe transfer function."
185,unsafe,unsafe,"The function is unsafe because it contains a state inconsistency: after transferring the amount to the recipient, it incorrectly decrements the recipient's balance again with `balances[_to] -= _amount;`, which can lead to double-spending and incorrect balance states."
186,safe,safe,"The function checks the sender's balance before transferring by using `require(balances[msg.sender] >= _value, ""Insufficient balance."");`, ensuring that the sender has enough tokens. It also checks that the recipient address is valid, preventing transfers to the zero address. The balance updates are consistent, preventing double-spending and maintaining correct token balances."
187,unsafe,unsafe,"The function does not check the sender's balance before transferring tokens, which can lead to negative balances and potential double-spending. This violates the requirement for a safe transfer function."
188,safe,safe,"The function checks the sender's balance before transferring the amount, ensuring that the sender has enough tokens. It also includes a check to prevent overflow when adding to the recipient's balance, maintaining consistency in token balances. There are no double-spends or obvious bugs present in the logic."
189,safe,unsafe,"The function is unsafe because it does not check if the sender's balance is sufficient before updating the balances. Although there is a balance check (`require(balanceOf[msg.sender] >= _value)`), the function uses `ledger` for balance updates instead of `balanceOf`, which could lead to inconsistencies and potential double-spending if `ledger` is not properly managed."
190,safe,safe,"The function checks the sender's balance before transferring by using a require statement, ensuring that the sender has enough balance to cover the transfer. It also updates the balances consistently, preventing double-spending and maintaining the integrity of the token balances."
191,safe,safe,"The function checks the sender's balance before transferring by using `require(_value <= balances[msg.sender])`, ensuring that the sender has enough tokens to transfer. It also maintains consistent token balances by correctly updating the sender's and recipient's balances without allowing double-spending or other bugs."
192,unsafe,unsafe,"The function does not check the sender's balance before transferring the amount, which can lead to underflow and allow for negative balances. This violates the requirement for a safe transfer function."
193,unsafe,unsafe,"The balance check `require(balanceOf[msg.sender] > _value)` is incorrect because it should use `>=` to ensure that the sender has enough balance to cover the transfer amount. This allows for a scenario where a user can transfer an amount equal to their balance, leading to an underflow when the balance is updated. Additionally, there is no check for the case where the sender's balance is exactly equal to `_value`, which could result in a negative balance if the check is not properly implemented."
194,unsafe,unsafe,"The function does not check the sender's balance before transferring the tokens, which can lead to underflow errors or allow a user to transfer more tokens than they own. This violates the requirement for a balance check before updating balances."
195,safe,safe,"The function checks the sender's balance before transferring the amount, ensuring that the sender has enough tokens to complete the transfer. It also updates the balances consistently, preventing double-spending and maintaining the integrity of the token balances."
196,safe,safe,"The function checks the sender's balance before transferring the tokens, ensuring that the sender has enough balance to cover the transfer. It also maintains consistent token balances by correctly updating the balances of both the sender and the recipient, preventing double-spending and other obvious bugs."
197,unsafe,unsafe,"The function does not check the sender's balance before transferring tokens, which can lead to negative balances and potential double-spending. This violates the requirement for a safe transfer function."
198,safe,safe,"The function checks the sender's balance before transferring by using a require statement, ensuring that the sender has enough balance to cover the transfer. It also updates the balances consistently, preventing double-spending and maintaining the integrity of the token balances."
199,unsafe,unsafe,"The function uses a wrong variable in the balance check (`balanceOf[msg.sender]` instead of `balances[msg.sender]`), which means it does not correctly verify the sender's balance before transferring tokens. This can lead to situations where a user can transfer more tokens than they actually have, resulting in inconsistent token balances and potential double-spending."
200,safe,safe,"The function checks the sender's balance before transferring the tokens, ensuring that the sender has enough balance to cover the transfer. It also updates the balances consistently, preventing double-spending and maintaining the integrity of the token balances."
201,safe,safe,"The function checks the sender's balance before transferring by ensuring that `_amount` is less than or equal to `balances[msg.sender]`. It also checks for overflow when adding to the recipient's balance, ensuring that the token balances remain consistent and preventing double-spending."
202,unsafe,unsafe,"The function does not check the sender's balance before transferring tokens, which can lead to negative balances and potential double-spending. This violates the safety criteria for ERC20 transfer functions."
203,unsafe,unsafe,"The function does not check if the sender's balance is sufficient to cover the transfer amount (tokens). Instead, it only checks if the sender's balance is not zero, which can lead to incorrect behavior and potential double-spending. This violates the requirement for a safe transfer function."
204,unsafe,unsafe,"The function does not check the sender's balance before transferring tokens, which can lead to underflow issues if the sender's balance is less than the amount being transferred. This violates the requirement for a safe transfer function."
205,unsafe,unsafe,"The function is unsafe because it contains a critical bug where the sender's balance is incorrectly updated by adding the subtracted value back after the transfer, leading to state inconsistency and potential double-spending."
206,safe,safe,"The function checks the sender's balance before transferring by using `require(_value <= balances[msg.sender])`, ensuring that the sender has enough tokens. It also maintains consistent token balances by correctly subtracting from the sender's balance and adding to the recipient's balance, preventing double-spending and other obvious bugs."
207,unsafe,unsafe,"The function does not check the sender's balance before transferring tokens, which can lead to negative balances and potential double-spending. This violates the requirement for a safe transfer function."
208,safe,safe,"The function checks the sender's balance before transferring by using `require(_value <= balances[msg.sender], ""Insufficient balance"")`, ensuring that the sender has enough tokens. It also maintains consistent token balances by correctly subtracting from the sender and adding to the recipient, preventing double-spending and other obvious bugs."
209,unsafe,unsafe,"The function does not check the sender's balance before transferring, as it incorrectly checks the recipient's balance instead. This can lead to situations where a sender can transfer more tokens than they actually possess, resulting in inconsistent token balances and potential double-spending."
210,safe,safe,"The function checks the sender's balance before transferring by using a require statement, ensuring that the sender has enough balance to cover the transfer. It also updates the balances consistently, preventing double-spending and maintaining the integrity of the token balances."
211,safe,safe,"The function checks the sender's balance before transferring by using `require(_value <= balances[msg.sender])`, ensuring that the sender has enough tokens. It also checks that the recipient address is not zero, preventing potential issues. The balance updates are consistent, preventing double-spending, as the sender's balance is decreased before the recipient's balance is increased."
212,unsafe,unsafe,"The function does not check the sender's balance before transferring tokens, which can lead to situations where a user can attempt to transfer more tokens than they own, resulting in an underflow. This violates the requirement for a safe transfer function."
213,unsafe,unsafe,"The function does not correctly check the sender's balance before transferring, as it uses `>` instead of `>=`, which allows for a potential underflow if the sender's balance is exactly equal to the transfer amount. This can lead to inconsistent token balances and potential exploits."
214,unsafe,unsafe,"The function does not check the sender's balance before transferring tokens, which can lead to negative balances and potential double-spending. Additionally, it lacks protection against arithmetic overflow, which can further compromise the integrity of the token balances."
215,unsafe,unsafe,"The function does not check the sender's balance before transferring tokens, which can lead to negative balances and inconsistent state. This violates the requirement for a safe transfer function."
216,safe,safe,"The function checks the sender's balance before transferring the tokens, ensuring that the sender has enough balance to cover the transfer. It also updates the balances consistently, preventing double-spending and maintaining the integrity of the token balances."
217,unsafe,unsafe,"The function does not check the sender's balance before transferring tokens, which can lead to negative balances and potential double-spending. This violates the requirement for a safe transfer function."
218,safe,safe,"The function checks the sender's balance before transferring the amount, ensuring that the sender has sufficient funds. It also includes a check for overflow when adding to the recipient's balance, and it updates the balances in a consistent manner, preventing double-spending or other bugs."
219,safe,unsafe,"The function is unsafe because it incorrectly updates the balance of the recipient using the variable `ledger[_to]` instead of `balances[_to]`, which can lead to inconsistencies in token balances and potential double-spending. Additionally, while it does check the sender's balance before transferring, the incorrect variable usage violates the requirement to keep token balances consistent."
220,safe,safe,"The function checks the sender's balance before transferring by using a require statement, ensuring that the sender has enough balance to cover the transfer. It also updates the balances in a consistent manner, preventing double-spending and maintaining the integrity of the token balances."
221,safe,safe,"The function checks the sender's balance before transferring by using `require(balances[msg.sender] >= _value)`, ensuring that the sender has enough tokens to transfer. It also updates the balances in a consistent manner, preventing double-spending and maintaining the integrity of the token balances."
222,unsafe,unsafe,"The function does not check the sender's balance before transferring the amount. This can lead to situations where a user attempts to transfer more tokens than they own, resulting in an incorrect balance update and potential double-spending."
223,unsafe,unsafe,"The function uses a balance check that is incorrect (`balances[msg.sender] > _value`), which allows for a scenario where a transfer can fail when the sender's balance is exactly equal to the transfer value. This violates the requirement for a proper balance check and can lead to inconsistent token balances."
224,safe,safe,"The function checks the sender's balance before transferring the tokens, ensuring that the sender has enough balance to cover the transfer. It also updates the balances consistently, preventing double-spending and maintaining the integrity of the token balances."
225,unsafe,unsafe,"The function is unsafe because it introduces a state inconsistency by re-adding the deducted value to the sender's balance after the transfer, effectively negating the transfer and allowing for a double-spend scenario."
226,safe,safe,"The function checks the sender's balance before transferring the tokens, ensuring that the sender has enough balance to cover the transfer. It also checks that the recipient address is not zero, preventing potential issues. The balance updates are consistent, preventing double-spending, and the function emits a transfer event, which is standard practice."
227,unsafe,unsafe,"The function does not check the sender's balance before transferring tokens, which can lead to situations where a user can attempt to transfer more tokens than they own, resulting in an incorrect state. Additionally, there is no validation for the `_to` address, which could lead to tokens being sent to an invalid or unintended address."
228,safe,safe,"The function checks the sender's balance before transferring by using `require(_value <= balances[msg.sender])`, ensuring that the sender has enough balance to complete the transfer. It also maintains consistent token balances by correctly updating the sender's and recipient's balances without allowing for double-spending or other obvious bugs."
229,safe,safe,"The function checks the sender's balance before transferring tokens, ensuring that the sender has enough balance to cover the transfer. It also updates the balances consistently, preventing double-spending and maintaining the integrity of the ledger."
230,safe,safe,"The function checks the sender's balance before transferring the amount, ensuring that the sender has sufficient funds. It also updates the balances consistently, preventing double-spending and maintaining the integrity of the token balances."
231,safe,safe,"The function checks the sender's balance before transferring by ensuring that `_value` is less than or equal to `balances[msg.sender]`. It also checks for overflow by confirming that adding `_value` to `balances[_to]` does not exceed the maximum value for a uint256. The balance updates are consistent, preventing double-spending and maintaining correct token balances."
232,unsafe,unsafe,"The function does not perform a balance check before updating the sender's balance, which can lead to negative balances and potential double-spending. This violates the safety criteria for ERC20 transfer functions."
233,safe,unsafe,"The function does not check for potential overflow when updating the recipient's balance, which can lead to inconsistent token balances and vulnerabilities. Additionally, it lacks a check to ensure that the recipient address is valid (not zero address), which can also lead to issues."
234,unsafe,unsafe,"The function does not check the sender's balance before transferring tokens, which can lead to underflow if the sender's balance is less than the amount being transferred. Additionally, there is no check for arithmetic overflow, making the function vulnerable to potential exploits."
235,unsafe,unsafe,"The function does not check if the sender's balance is greater than or equal to the value being transferred (it uses `>` instead of `>=`), which allows for a potential underflow if the sender's balance is exactly equal to `_value`. Additionally, there is no check to ensure that the recipient address is valid (not zero address), which could lead to loss of tokens."
236,safe,safe,"The function checks the sender's balance before transferring the amount, ensuring that the sender has sufficient funds. It also updates the balances consistently, preventing double-spending and maintaining the integrity of the token balances."
237,unsafe,unsafe,"The function does not check the sender's balance before transferring tokens, which can lead to negative balances and potential double-spending. This violates the requirement for a safe transfer function."
238,safe,safe,"The function checks the sender's balance before transferring tokens, ensuring that the sender has enough balance to cover the transfer. It also maintains consistent token balances by deducting from the sender's balance and adding to the recipient's balance without any possibility of double-spending or other bugs."
239,safe,unsafe,"The function does not check if the sender's balance is greater than or equal to the value being transferred (it uses `>` instead of `>=`), which allows for a potential underflow if the sender's balance is exactly equal to `_value`. This can lead to inconsistent token balances and is a critical flaw in the transfer logic."
240,safe,safe,"The function checks the sender's balance before transferring the tokens, ensuring that the sender has enough balance to cover the transfer. It also updates the balances consistently, preventing double-spending and maintaining the integrity of the token balances."
241,safe,safe,"The function checks the sender's balance before transferring by using `require(_value <= balances[msg.sender])`, ensuring that the sender has enough tokens to transfer. It also maintains consistent token balances by correctly updating the sender's and recipient's balances without allowing double-spending or other bugs."
242,unsafe,unsafe,"The function does not check the sender's balance before transferring tokens, which can lead to underflow and allow for unauthorized transfers if the sender's balance is insufficient."
243,unsafe,unsafe,"The function does not check if the sender's balance is sufficient to cover the transfer amount (`_value`). Instead, it only checks if the sender's balance is not zero, which can lead to a situation where a user can attempt to transfer more tokens than they actually have, resulting in an incorrect balance update and potential double-spending."
244,unsafe,unsafe,"The function does not check the sender's balance before transferring tokens, which can lead to negative balances and potential double-spending. This violates the requirement for a safe transfer function."
245,unsafe,unsafe,"The function contains a critical bug where the sender's balance is incorrectly updated after the transfer, as it is incremented again at the end of the function. This leads to a state inconsistency and potential double-spending, making the function unsafe."
246,safe,safe,"The function checks the sender's balance before transferring by using `require(balances[msg.sender] >= _value)`, ensuring that the sender has enough tokens. It also updates the balances consistently, preventing double-spending and maintaining the integrity of the token balances."
247,unsafe,unsafe,"The function does not check the sender's balance before transferring tokens, which can lead to underflow or unauthorized transfers. There is also no input validation, making it vulnerable to incorrect or malicious inputs."
248,safe,safe,"The function checks the sender's balance before transferring the amount, ensuring that the sender has enough tokens (require(balances[msg.sender] >= _value)). It also checks for overflow conditions when adding to the recipient's balance, which helps maintain consistency in token balances. There are no double-spends or obvious bugs present in the logic."
249,unsafe,unsafe,"The function uses `require(balanceOf[msg.sender] > _value)` instead of `require(balanceOf[msg.sender] >= _value)`, which allows for the possibility of failing a transfer when the sender's balance is exactly equal to the transfer amount. This can lead to unexpected behavior and is a clear flaw in the balance check."
